I01_cache_miss_is_pending_not_free,PASS
I02_cache_miss_does_not_edit_material,PASS
I03_invalid_payload_fails_closed,PASS
I04_loaded_fine_answers_exact_query,PASS
I05_cache_and_material_epochs_disjoint,PASS
I06_loaded_fine_obstacle_not_erased,PASS
I07_released_fine_cache,PASS
I08_evicted_fine_never_false_free,PASS
I09_missing_exact_data_stalls_commit,PASS
I10_pending_does_not_stage_impulse_or_history,PASS
I11_real_fine_solid_blocks_dynamic_step,PASS
I12_blocked_contact_no_false_impulse,PASS
I37_material_edit_invalidates_fine,PASS
I38_material_revision_replaces_previous_free_cache,PASS
I39_clear_point_cannot_authorize_swept_capsule_through_wall,PASS
I40_adjacent_fine_solid_blocks_capsule_even_when_probe_free,PASS
I41_clear_probe_does_not_bypass_unloaded_MIXED_sweep,PASS
I13_loaded_clear_uses_actual_A4_dynamic_contact,PASS
I14_both_body_velocities_physically_updated,PASS
I15_body_and_receipt_history_commit_as_one,PASS
I16_fine_load_cannot_forge_material_revision,PASS
I17_durable_world_snapshot_recovered,PASS
I18_recovery_preserves_body_material_and_history,PASS
I19_duplicate_world_commit_rejected,PASS
I42_identical_post_fsync_replay_is_idempotent,PASS
I43_same_version_conflicting_snapshot_rejected,PASS
I44_conflicting_checkpoint_does_not_corrupt_recovery,PASS
I22_torn_world_snapshot_fails_closed,PASS
I23_bad_replay_leaves_state_unchanged,PASS
I24_corrupt_log_rejects_new_append,PASS
I45_spoofed_support_claim_rejected,PASS
I46_no_physical_contact_no_resting_load,PASS
I20_disk_failure_rolls_back_body_and_history,PASS
I21_failed_checkpoint_no_partial_state,PASS
I25_external_gravity_and_applied_support_impulse,PASS
I26_support_impulse_not_duplicated_as_impact,PASS
I27_persistent_support_from_real_solver_61_ticks,PASS
I28_cumulative_duration_creates_consequential_event,PASS
I29_resting_load_not_violent_impact,PASS
I30_event_provenance_matches_61_applied_receipts,PASS
I31_consequential_event_fsync_then_ack,PASS
I32_crash_after_append_before_ack_replayed_safely,PASS
I33_replay_no_duplicate_durable_event,PASS
I34_full_queue_setup_15_support_ticks,PASS
I35_full_outbox_refuses_physical_commit,PASS
I36_full_queue_no_history_or_body_loss,PASS
CLOSURE,46,0
