E01_real_world_actor_initialized,PASS
E02_real_dynamic_ids,PASS
E03_actual_canonical_data_loaded,PASS
E04_first_world_tick_commits,PASS
E05_world_physical_tick_sync,PASS
E06_real_actor_transform_moves,PASS
E07_camera_follows_committed_pose,PASS
E08_presentation_initialized,PASS
E09_uninitialized_snapshot_rejected,PASS
E10_authoritative_snapshot,PASS
E11_snapshot_self_agreement,PASS
E12_material_mismatch_reconciles,PASS
E13_contact_digest_mismatch_reconciles,PASS
E14_pose_mismatch_reconciles,PASS
E15_wrong_timestep_fail_closed,PASS
E16_jump_not_falsely_integrated,PASS
E17_crouch_not_falsely_integrated,PASS
E18_duplicate_fixture_ready,PASS
E19_equal_seed_replay,PASS
E20_conflicting_world_tick_rejected,PASS
E21_missing_canonical_fixture_ready,PASS
E22_unloaded_canonical_never_free,PASS
E23_pending_preserves_actor,PASS
E24_colliding_legacy_fixture_ready,PASS
E25_world_collider_not_erased_by_free_cell,PASS
E26_ramp_fixture_ready,PASS
E27_ramp_requires_explicit_narrowphase,PASS
E28_actor_collision_fixture_ready,PASS
E29_actor_actor_not_silently_ignored,PASS
E30_platform_fixture_ready,PASS
E31_moving_platform_not_silently_static,PASS
E32_disk_fixture_ready,PASS
E33_durable_failure_preserves_actor_world,PASS
E34_lab_only_fixture_ready,PASS
E35_lab_only_cannot_claim_embodiment,PASS
E36_uncommitted_actor_cannot_be_snapshotted,PASS
E37_legacy_control_ready,PASS
E38_legacy_controller_is_not_dynamic_history,PASS
E39_world_bridge_ready,PASS
E40_actual_contact_reaches_world_bridge,PASS
E41_real_crate_receives_impulse,PASS
E42_impulses_enter_committed_history,PASS
E43_world_snapshot_after_contact,PASS
E44_status_names_machine_readable,PASS
E45_unloaded_import_fixture_ready,PASS
E46_unloaded_prevents_world_advance,PASS
E47_explicit_authoritative_parent_loaded,PASS
E48_pending_resolution_requeries_actual_world,PASS
E49_recovery_fixtures_ready,PASS
E50_local_journal_path_created,PASS
E51_atomic_journal_success,PASS
E52_material_actor_history_recovered,PASS
E53_recovered_snapshot_agrees,PASS
E54_no_duplicate_recovery_without_newer_commit,PASS
TOTAL,54,0
