P01_one_way_decomposes,PASS
P02_cross_target_not_purple,PASS
P03_disjoint_material_channels_not_purple,PASS
P04_true_target_local_SCC_detected,PASS
P05_envelope_is_new_each_tick,PASS
S01_bind_one_owner,PASS
S02_reject_second_owner,PASS
S03_recursive_step_blocked,PASS
S04_unbind_matching_owner,PASS
S05_pending_owner_bind,PASS
S06_no_legacy_fallback_on_pending,PASS
S07_unbind_pending_owner,PASS
S08_real_world_pending_fixture,PASS
S09_opt_in_bound,PASS
S09b_direct_step_cannot_bypass_bound_owner,PASS
S10_missing_canonical_parent_cannot_fall_back,PASS
S11_unknown_material_not_falsely_purple,PASS
S12_authoritative_canonical_parent_loaded,PASS
S13_opt_in_world_tick_actual_actor,PASS
S14_one_way_success_decomposes,PASS
S15_no_duplicate_bind,PASS
S16_unbind_embodiment,PASS
S17_dynamic_contact_fixture,PASS
S18_dynamic_owner_bind,PASS
S19_dynamic_receipt_promotes_real_purple_only,PASS
S20_purple_contact_updates_bodies_and_history,PASS
S21_dynamic_unbind,PASS
S22_second_actor_guard_fixture,PASS
S23_single_actor_owner_rejects_stranded_far_actor,PASS
TOTAL,29,0
