corpus,model,evaluations,case_ids,unsafe,mismatches,replay_discrepancies,p50_ns,p95_ns,p99_ns,mean_geometry_queries,mean_material_queries
boundary,M0,6144,2048,3072,3072,0,3.5,3.75,7.25,0.0,0.0
boundary,M1,6144,2048,0,0,0,7.0,8.0,8.5,0.0,0.0
boundary,M2,6144,2048,3072,3072,0,5.125,5.75,6.625,0.0,0.0
boundary,M3,6144,2048,0,0,0,227.875,234.875,328.75,1.0,2.0
boundary,M4,6144,2048,0,0,0,221.5,231.125,237.375,0.5,1.0
canonical,M0,6144,2048,6141,6141,0,3.5,5.375,6.5,0.0,0.0
canonical,M1,6144,2048,381,3717,0,5.75,10.5,14.0,0.0,0.0
canonical,M2,6144,2048,189,5955,0,4.25,9.125,11.875,0.0,0.0
canonical,M3,6144,2048,0,0,0,222.0,441.125,693.625,0.5,1.0
canonical,M4,6144,2048,0,0,0,25.75,382.875,444.25,0.125,0.25
held-out,M0,24576,8192,18429,18429,0,3.5,4.125,6.375,0.0,0.0
held-out,M1,24576,8192,1212,11454,0,6.25,8.5,12.0,0.0,0.0
held-out,M2,24576,8192,603,18147,0,4.625,7.125,11.25,0.0,0.0
held-out,M3,24576,8192,0,0,0,202.375,416.875,455.625,0.8072509765625,1.2451171875
held-out,M4,24576,8192,0,0,0,32.25,227.125,387.75,0.3001708984375,0.600341796875
pathological,M0,3072,1024,3072,3072,0,3.5,3.875,6.375,0.0,0.0
pathological,M1,3072,1024,273,2496,0,5.5,8.375,12.5,0.0,0.0
pathological,M2,3072,1024,111,3060,0,4.125,7.875,11.375,0.0,0.0
pathological,M3,3072,1024,0,0,0,24.25,431.625,469.625,0.3720703125,0.498046875
pathological,M4,3072,1024,0,0,0,23.125,41.75,394.5,0.03515625,0.0703125
randomized,M0,24576,8192,18432,18432,0,3.5,4.625,6.375,0.0,0.0
randomized,M1,24576,8192,1197,11427,0,6.375,8.875,12.625,0.0,0.0
randomized,M2,24576,8192,648,18114,0,4.625,7.5,11.125,0.0,0.0
randomized,M3,24576,8192,0,0,0,202.25,418.375,471.5,0.7962646484375,1.234130859375
randomized,M4,24576,8192,0,0,0,31.75,214.25,375.375,0.2967529296875,0.593505859375
