independent_4096_physical_contract_combinations,PASS
exact_reach_boundary,PASS
one_ulp_beyond_reach,PASS
nan_actor_fails_closed,PASS
infinite_reach_fails_closed,PASS
ambiguous_actor_ids,PASS
corrupt_capacity,PASS
runtime_control_separation,PASS
overflow_hull_has_bounded_pending_exit,PASS
future_cache_never_grants_past_tick,PASS
real_fine_payload_loaded,PASS
resident_fine_free_body,PASS
neighbor_fine_obstruction_loaded,PASS
fine_obstruction_blocks_whole_body,PASS
malformed_fine_cache_never_false_clear,PASS
fine_eviction,PASS
eviction_cannot_create_clearance,PASS
geometry_occlusion_with_free_material_grid,PASS
verified_stationary_support,PASS
moving_support_explicitly_blocked,PASS
ambiguous_support_identity_rejected,PASS
unknown_actor_revision_rejected,PASS
contested_batch_resolved,PASS
pickup_one_deterministic_claim,PASS
permutation_preserves_winner,PASS
contested_batch_resolved,PASS
pickup_one_deterministic_claim,PASS
permutation_preserves_winner,PASS
contested_batch_resolved,PASS
pickup_one_deterministic_claim,PASS
permutation_preserves_winner,PASS
contested_batch_resolved,PASS
pickup_one_deterministic_claim,PASS
permutation_preserves_winner,PASS
contested_batch_resolved,PASS
pickup_one_deterministic_claim,PASS
permutation_preserves_winner,PASS
contested_batch_resolved,PASS
pickup_one_deterministic_claim,PASS
permutation_preserves_winner,PASS
contested_batch_resolved,PASS
pickup_one_deterministic_claim,PASS
permutation_preserves_winner,PASS
contested_batch_resolved,PASS
pickup_one_deterministic_claim,PASS
permutation_preserves_winner,PASS
two_authorized_joint_operators,PASS
actor_cannot_take_two_slots,PASS
disjoint_transactions_both_granted,PASS
contradictory_replay_targets_rejected,PASS
oversized_batch_rejected,PASS
actual_A3_A5_ladder_eligibility,PASS
unbound_publication_closed,PASS
forged_witness_rejected,PASS
failed_callback_no_receipt,PASS
reentrant_publisher_has_no_second_authority,PASS
fresh_checked_publication,PASS
second_disjoint_receipt,PASS
interleaved_A_B_A_replay_rejected,PASS
stale_before_publication,PASS
receipt_capacity_no_eviction,PASS
clear_point_cannot_bypass_full_capsule,PASS
denied_no_body_or_history_write,PASS
denied_no_durable_snapshot,PASS
authorized_real_contact_history,PASS
actual_A5_WAL_recovery,PASS
checks=66 failures=0
